t0,t1,t2,t3,t4,t5,t6,t7,t8,t9
0.7487561,0.53979355,1.1983538,5.3672895,2.1226685,2.4165974,3.1182117,0.8211367,1.809335,0.39376724
0.1918585,2.530718,2.0078907,0.7673544,2.5371943,1.68331,0.2667251,1.793442,2.8212287,3.0688019
2.5931768,1.8428729,0.0563254,1.1625321,0.80626595,1.7465684,1.351399,2.390057,3.585126,1.1608045
4.423494,1.453887,0.6237379,0.16962501,1.0324638,2.4798322,4.880364,7.688145,2.063509,1.5047045
2.1181579,0.32433885,2.417057,2.1189938,0.71722347,2.7142072,1.3559815,2.703967,2.2446475,4.237044
0.9937581,4.443199,1.2783275,0.6249588,3.804532,3.7700372,3.0936635,0.5037918,1.1290773,6.254735
3.932993,1.3105443,2.005169,4.0650525,3.1213622,0.75594735,8.2429495,0.056430012,1.8270217,3.6969728
5.557282,4.59429,0.8577292,0.03113557,8.793532,2.6482024,5.043875,4.707915,3.5698643,7.1156287
5.135153,0.76804245,2.780144,6.1851454,0.11607684,0.03810412,0.7570574,1.7626851,1.0686547,3.3777418
1.5998616,1.3718296,1.9691616,1.8054078,0.092263,0.75822294,1.4402566,1.2551957,0.028423933,2.7172856
0.45445633,2.5682313,2.5399666,2.362771,0.38674712,4.296017,2.925541,1.5457449,1.2398252,6.517549
0.08713686,0.35400447,0.9565689,4.7146845,6.5969515,2.4174404,0.974946,4.330943,2.010646,4.1041574
2.8209279,1.9136095,1.1029818,0.8876349,0.6406402,1.1356118,1.2677108,5.751092,1.324265,4.1230803
0.69138455,3.7766733,7.2317085,3.1235929,2.7124343,0.51990163,0.7961019,3.0947633,1.683819,5.9031367
0.5106197,0.79368436,3.1623058,4.7187767,0.13928892,3.81485,2.2046852,4.366474,1.268793,3.6270168
0.35209262,0.54327506,4.0724726,4.503172,1.0109156,0.76794386,2.3026736,4.1960993,3.8538094,7.695862
4.099699,4.423954,3.0299542,5.3123784,6.455608,0.19539772,0.8851677,2.0639226,1.9206069,5.818821
0.51969284,0.07942398,2.868042,2.228174,0.7322198,0.6418034,1.5926065,0.54226214,4.2007217,0.86423296
1.6851583,0.41600347,0.7041465,5.093423,0.78651285,1.6192951,3.3854048,1.1572508,5.0768237,3.2109404
1.5989923,1.05407,4.3755064,2.983654,1.5569308,0.4063111,1.681407,2.716354,6.0550137,3.3662531
8.899302,1.5944848,0.31807524,1.7322857,6.876333,2.9436786,1.5587234,2.2864954,1.7095957,4.826501
2.0511682,1.807895,1.3969142,2.3428895,1.3267812,1.0447123,5.0679355,0.49238285,3.8092227,2.1578655
0.565526,6.3481045,1.3266114,3.0359125,5.460868,0.7346232,3.9620614,3.5678983,3.4378603,0.9637643
2.8333478,4.7278104,2.5484772,1.1240666,4.5737715,6.796097,4.219939,1.6100144,3.3008423,7.443101
3.548559,1.4922884,3.6691597,4.6549187,0.785156,3.2825508,0.45743725,3.0739388,2.464887,0.6652373
0.5345658,2.1411989,1.3870127,0.91419715,2.155719,3.1462364,1.8611673,0.6846491,5.5522447,4.099896
5.511167,0.9658681,0.695715,0.88899636,0.5647925,2.3601365,0.6411183,5.97071,2.5256014,3.998768
1.3086886,0.60121495,3.2199054,0.57474375,0.28497338,3.0658588,4.5537395,5.332354,0.3162195,0.45415258
3.1008554,7.0857897,1.8036137,3.0689843,2.5601375,0.3586104,0.5239469,2.303415,1.8145211,0.6517416
2.3231194,1.4255956,4.0964885,3.2501006,1.8090699,0.6037242,1.448616,4.8857985,3.7530794,1.1750191
1.7835963,1.3257697,0.48234138,3.0443797,2.6803334,0.573418,2.22121,4.8931065,0.3723502,10.305821
3.198421,3.148389,5.664091,0.5485296,3.804184,0.9263271,0.06813477,3.2046719,3.2015772,1.8904641
2.6354744,2.2570107,3.100915,0.6716367,0.8776618,0.022469565,2.9812546,0.25795567,0.41173762,0.79385006
0.6236342,4.58499,1.489965,2.019899,2.2517784,1.6318331,1.7496815,3.3311095,1.1425339,2.9179273
3.5238457,3.475873,1.5666227,0.17092155,4.592946,3.6411924,2.8516164,2.7639508,0.69779265,1.4562156
2.391527,3.9066482,1.1890221,7.1978683,5.1401796,1.3350204,1.0210686,3.2983112,0.79332286,5.066724
2.6868212,1.2711836,2.0908768,4.68128,6.3299546,3.3782094,1.2751747,2.7080543,1.8821573,3.6314812
1.2463342,0.3980776,1.6217797,3.7699335,1.8458023,5.4942474,5.349306,0.7009848,2.047708,1.7321627
4.3806434,2.160024,1.5802672,3.1793926,1.0455647,1.2266388,1.1502724,2.320755,5.8225675,3.6696782
1.4202417,2.2253814,4.199891,0.752054,0.31195503,1.5536022,4.734639,6.015361,1.3421669,4.428212
0.9367901,4.877106,0.96145535,0.18585747,2.6727142,2.2521524,3.6877255,3.937892,0.9441744,0.5582315
1.4718914,4.6770973,4.092148,2.730395,2.709181,4.4108253,6.513664,6.1042643,1.8253796,3.524972
1.0746868,4.969733,1.1334021,1.4871819,0.081303224,6.558428,0.07257824,3.9572816,2.5531328,2.6777303
2.2003608,3.4064648,4.1369877,1.269396,6.7468176,7.1398525,2.484241,0.29515785,3.2862632,0.18962458
3.4491477,3.997583,0.89794266,1.4129986,2.6310515,5.280342,1.6258469,1.0962625,1.2077627,2.3439145
2.9075437,4.363075,3.1105895,0.62984055,0.10827311,1.0488718,4.0889096,5.2924175,2.245085,2.153605
2.453147,1.0544525,3.9152002,2.452167,10.357004,2.3188305,1.5732398,1.4456174,4.538199,3.8044345
1.7571226,4.284389,1.1227847,4.8652563,6.3773823,0.006418087,0.44008374,1.4853996,0.42613995,3.6521451
2.5424726,3.8644516,4.0109677,2.636546,2.4559946,0.036250357,2.5337026,0.47078303,4.0260315,0.9937656
3.1219587,1.5220782,1.4869131,1.5034084,4.2988434,0.3127661,2.436453,2.43106,1.4576236,1.0240034
1.2304385,0.72445977,2.6494908,2.2457275,1.7213697,1.4714795,6.914353,1.8889534,1.6208827,5.3212934
5.594596,1.7083687,2.0923529,2.6841118,1.8704562,2.1666028,1.3224293,0.110737614,1.3389659,0.80560255
4.5141597,0.43842536,2.4372284,2.5462117,0.79460394,4.1870337,1.732012,0.22000396,2.169961,5.9246044
3.045278,2.941566,0.28528497,1.2563545,4.805682,7.5068083,1.7363548,2.1345155,0.84197485,0.030880872
4.8823595,1.9892002,1.9488707,0.2886489,4.223919,0.19602516,0.9668261,0.46611506,6.756172,6.8898573
0.30290776,5.2792573,5.3009953,4.7348833,0.42982566,0.39676684,1.8057902,7.0165815,3.2178576,5.175329
5.7462397,3.8574715,2.6907446,2.1590834,2.3078012,4.4151206,2.05651,1.8473303,0.8337917,5.518775
1.8776021,9.032797,0.56694627,3.5311546,1.0451146,0.79860556,0.8248896,1.4944404,10.512032,2.5055268
1.4276448,1.6030321,5.8940864,1.5863246,2.709802,4.4067965,4.6149898,2.3562427,8.065587,0.3206174
2.5345213,0.6339824,3.3885493,8.435737,5.225387,0.12829763,0.52031493,0.23830381,0.78232944,0.5394015
1.7515858,3.7703168,1.4813416,8.090363,2.0155172,6.0173016,3.755428,1.1912744,1.1252646,0.98096776
1.4912927,0.056602918,4.506743,6.36623,0.97971207,0.8391929,1.6308305,0.4457487,0.58746445,6.504361
0.05918599,0.08622284,2.4660392,2.9967475,5.112859,4.809476,6.481745,3.1629288,1.2911246,1.2056463
0.6191176,0.39965063,0.54785264,5.252936,2.0937243,0.23351976,2.8420918,3.685353,2.4721437,1.286742
2.353135,0.40867448,2.7431126,3.718647,2.632667,2.3794866,4.0481377,4.6664333,5.0887313,2.5454931
2.1755972,0.60387015,4.8955917,2.975229,2.45684,2.2537527,0.8231257,1.990876,1.0258532,2.664564
2.2927861,0.6717922,1.2081517,2.5975626,0.88425136,0.07330068,4.5931664,1.2515626,1.9124339,4.7866693
3.7982733,0.578821,6.3332615,2.9549298,3.7580752,0.5300124,1.0490572,2.264121,4.481854,2.5305283
0.02745042,4.502775,0.047394045,0.1450356,2.1314306,1.7180374,1.0362868,6.055006,0.11227448,4.8488884
1.2406492,4.444132,2.9405048,3.5352788,1.1640195,0.87659156,1.1460619,5.7771654,0.45406872,5.542624
0.43976575,4.7674265,2.4433281,2.9978802,1.2431118,0.39228213,0.41912672,1.2704407,4.5398955,1.22914
1.0185765,7.3872423,7.292778,1.5913062,1.9376804,2.7518244,0.9072076,2.4538598,3.989862,1.9636557
2.7100458,0.21891493,0.41728216,0.19073328,3.2517943,3.838986,4.5723405,3.7897618,3.7306547,3.3455524
0.031133825,2.7069163,1.5893476,3.109156,1.9222414,3.0727592,2.0068212,1.4189928,5.2772536,2.238391
3.5288022,1.8130513,2.1605034,2.1290526,4.9374275,2.6991425,5.015716,2.900261,3.8975792,0.49010223
3.0965028,0.9299346,4.636173,3.0603127,4.7350936,4.520932,4.0727844,0.58593255,3.0064006,0.70503855
5.486306,1.4821427,0.73778814,4.0461082,0.9852539,1.4544041,0.4135016,3.2351456,2.304178,0.31478077
1.916013,0.95953333,1.8867879,1.4434903,7.29971,2.5860243,0.04023219,8.635957,0.70858216,6.4592495
1.6654496,0.08367373,1.4455621,1.5614473,4.012374,2.1922512,0.8603788,2.6460783,0.0870474,5.484369
0.90680575,2.575611,2.7080271,1.4043452,1.2507446,2.6320403,2.4769793,0.8387779,2.2827735,0.91739
0.15993285,5.344038,1.7154577,2.9282565,0.9605854,1.660691,7.298812,2.5112598,2.6965935,1.7527689
1.112019,8.8347225,2.7656436,2.7647572,3.526876,1.2226055,0.7894628,0.45318022,0.2212753,0.21328528
1.2125018,3.4016898,4.7781467,0.3309116,0.65717864,0.9481192,0.07182342,5.924737,4.7858887,4.031283
4.1695786,2.650305,0.715611,0.9795642,2.1425314,0.5455351,6.003664,3.400804,3.7142024,5.642585
1.5502135,0.15725891,1.1777239,1.8539107,1.6912167,5.424781,5.3835983,2.401393,3.0970917,2.9345732
1.2351103,0.99220335,5.189355,0.23646504,4.5579395,2.6866012,0.014437851,0.44040567,3.0764816,4.623027
1.6650212,1.3470201,3.4353967,1.3217309,1.1202496,3.3956108,3.2510471,1.4864111,2.195432,0.52205914
3.120253,3.1692457,2.804337,1.7352916,2.7210524,3.1661963,2.7745655,4.030715,1.996063,2.3773503
4.497838,1.0303926,0.24069312,0.81692564,2.281546,1.79893,2.7801743,1.9196386,3.9279442,6.2859263
5.2850537,4.5245905,2.005271,4.748217,0.1196206,1.794605,1.1210276,6.580142,0.66213864,0.46681738
5.4731483,2.1648507,1.1475847,2.6958888,0.39544228,4.9932337,2.675489,4.837331,3.8997595,2.3689022
2.82991,0.37261927,3.4529986,0.3773393,0.029278323,3.5331008,4.5268598,1.7302744,2.5460956,1.3998861
4.8974485,0.48060495,7.004692,2.4314284,4.5180826,1.1586751,1.7762148,2.701879,0.563163,0.54623383
3.0908208,3.7175589,1.3872627,0.17559509,0.63908964,2.9360232,2.021614,0.81920505,1.2766635,0.41252667
3.3468013,1.6401055,4.09371,0.7321789,1.3266929,0.21340689,0.9225472,3.3018408,3.739658,1.0428519
3.5479145,1.871319,1.7975228,1.2741941,4.3921413,0.49540704,1.5422766,1.3814092,0.9956932,0.22024822
0.562798,1.3071437,2.5444477,2.6405873,2.8794231,6.714199,2.8942544,3.4106736,0.12959944,3.409686
1.8530653,4.6489935,3.0604882,0.013877628,2.2030613,0.005386727,0.19604346,0.59191287,2.5434701,8.37225
2.1965356,0.027140714,2.1657073,2.0703087,6.278349,0.6721932,0.9332503,0.9187966,0.3390674,1.5167129
0.2404414,5.0903764,2.3343563,2.8495574,2.693394,4.752162,0.1615945,0.40480644,2.1303594,4.5573187
0.5964593,4.7113976,2.4492927,2.5860403,3.4026933,1.6417708,0.84038955,7.280658,1.85129,3.8121967
1.8276424,1.0440042,0.21077788,1.8000863,1.3098055,3.4933681,0.11782345,1.3433836,0.08127109,3.2561324
4.0661955,0.3071125,1.1262637,0.4076485,4.364601,1.5353926,1.3302375,1.5245347,1.8409629,0.13235697
1.4296061,1.9213375,1.6757419,5.253907,2.1383395,2.893284,1.2264837,0.12539734,1.9193282,3.0372505
4.457301,0.6144376,2.7659957,3.2849903,0.5422175,2.5579374,3.9183233,3.0618474,1.5405648,2.5435429
0.79005915,0.01606568,4.586086,2.2248237,1.2076015,2.2962518,2.3629873,2.0145435,2.5890646,0.3140722
3.2775643,2.264954,1.1941041,5.0222635,2.1085384,1.8053315,5.117756,5.7670393,3.3585196,7.3735476
2.1429214,1.8421342,6.9297924,3.9868734,1.4078629,3.4162567,2.1530051,2.0830407,0.109547794,1.8933358
1.1232615,3.1569395,1.0145035,5.250614,0.08714253,7.4146113,0.6739864,1.3807865,3.545333,3.1659994
1.8710307,1.5583661,1.4116125,1.0134342,0.56222165,1.6732464,5.0328603,0.21409085,0.25664744,1.3739688
1.8340942,3.2510924,2.304488,0.9959413,4.268162,0.12781967,2.1794744,0.1631773,0.19204181,4.0607653
3.5733247,1.5474012,0.41245115,4.0362873,1.8305969,2.425962,1.6200109,0.60711884,7.2498364,2.721369
2.043451,0.029370263,5.2160125,2.1018145,1.0322582,7.358086,1.3538066,0.8337029,0.6833229,2.18902
0.13360107,0.48029363,0.2201196,0.17400794,3.5811374,5.76255,1.2333405,0.7623309,3.8511038,1.4278315
3.714435,3.532668,0.4422463,1.427824,0.25530007,6.038288,2.3069146,0.5826716,1.3034676,3.9052253
3.708046,0.6979872,0.34058374,3.0208018,5.4883556,0.4262412,0.047788695,5.1879883,1.4188669,5.261043
1.3763739,4.194904,1.7842093,3.2774138,1.0100398,1.3691038,1.5191851,2.6760428,1.779954,0.16020001
1.2696306,2.699462,3.610227,2.351654,5.351679,6.279149,2.7259045,1.3207545,0.46167958,1.6159413
2.5660408,2.4661646,1.7336533,1.9954226,2.7045305,0.46656302,0.3696484,0.73777837,0.5806757,1.7779176
1.5616447,0.89810133,1.228467,3.1093745,0.64818513,3.4169345,6.709693,2.4294786,1.4326957,1.6342745
1.1328968,2.1794932,2.7047913,2.476244,1.5942231,5.279554,1.2560517,1.1777214,1.8903689,3.8725004
4.3509784,0.019861113,0.925591,1.2522403,0.4448887,0.2128981,1.5074413,3.3675203,2.0926223,3.554727
0.028418705,2.9543204,1.0469596,1.5429795,6.126525,9.167804,1.077109,1.9528761,6.991769,2.5294294
5.356627,7.6490345,3.071545,2.0088153,0.033340123,0.14888047,1.4980309,0.4495537,2.5200717,4.3844137
1.7322509,1.0106418,3.7287264,5.4027314,7.173111,0.7719302,2.879495,3.5422616,1.563867,5.5496683
1.9771724,1.4262133,0.9942961,3.9510977,4.55873,1.2462485,4.726409,0.30472535,0.576788,1.0591657
1.185507,3.647173,7.052148,3.7526112,2.0433183,0.9895041,0.9515065,1.2499983,2.1245494,5.0398483
2.9193962,4.8146267,4.9755545,1.8470461,0.9358591,1.4801456,0.9108365,5.462206,5.961061,2.3182187
0.8238675,5.5361915,0.7251537,2.3058803,1.1398976,0.5010668,3.3083186,0.736854,1.1022309,0.41064146
2.4513433,5.3669567,1.0432931,4.478293,2.0550604,4.6792274,3.8209429,7.625268,3.336354,1.0318928
1.6519897,0.5273626,2.5625675,4.7394753,2.8039308,3.3891177,0.7349493,3.5702043,5.2764688,0.21532974
2.5275824,1.8139572,0.6284079,7.786784,1.1070728,0.53897226,2.1371856,2.3474727,5.3323536,2.0429618
3.4911203,0.7252566,0.029479686,0.5784474,0.927673,2.0752041,0.4555403,0.9862527,2.2115266,1.1743677
0.76486075,4.1883693,0.31634077,1.5964708,0.016598677,0.14927015,3.684133,1.8028761,1.3311822,1.1121867
0.08737862,0.80717486,1.5131418,1.3695726,0.22954464,0.7226506,2.4716418,9.138341,6.143223,6.051038
3.493082,0.692492,4.991806,2.6211474,1.6374977,2.2276247,1.6261485,1.1983533,5.1651382,0.8288913
2.6111207,1.3529794,0.59196204,0.01199972,3.8576994,1.9561882,3.7397382,8.544955,0.017474495,1.0523733
4.4183054,0.08777693,1.7037692,4.011175,2.5955505,0.5726558,1.0045536,4.747013,2.1771746,1.2664566
0.012127812,1.6069026,0.099310085,1.037425,0.2948678,1.7216504,1.7888714,2.946349,2.1196144,2.2918239
2.7460022,2.2974584,1.1016926,0.66889614,0.5892068,0.6145832,3.7031837,2.2481446,2.0299346,3.6576276
1.21092,1.8708848,0.9327398,3.5699468,4.736911,6.0101776,1.7436254,2.5197983,6.471302,0.4106555
2.5363066,0.48812902,1.1246026,0.68308485,0.09880006,2.4004183,3.5842159,3.5965385,0.02790007,5.7362785
2.3106391,3.1600556,2.8996036,0.9798612,3.265638,7.6214547,2.2874632,0.1432706,0.6505249,2.5143511
9.442959,0.25494602,1.1764622,4.817252,6.4896197,0.9398477,2.565164,4.903839,1.7180748,3.572269
2.221393,4.8341575,3.8904827,4.5483007,6.0770235,1.372563,1.8678315,1.1946112,1.1468098,0.2947978
0.8224084,2.5522532,2.941298,0.56340134,1.6747074,3.5567107,4.64476,1.7815883,3.8889503,2.0116708
2.3026443,0.17331465,1.2945626,1.5489947,2.8572724,2.9056253,1.5947138,3.7440443,0.13888745,6.1080704
3.591088,0.6375051,5.8003597,2.7436552,5.0807095,0.08622691,0.42965332,1.2019262,3.3241382,2.406333
4.0099897,1.17561,2.2551627,2.826198,5.54831,1.3059027,1.559901,1.3736011,0.9551028,3.1704218
4.592519,3.0113811,0.9922329,4.0269423,2.5330117,5.123625,1.6801848,1.5007818,2.2101607,2.4376128
1.0032011,8.751147,4.3360925,3.8730202,5.428959,0.35326725,7.467951,0.9348348,1.6376529,5.1442213
2.4782383,1.0060935,1.221696,3.0363483,2.8856492,4.296625,0.2345467,0.40148985,7.584094,0.64844704
5.7567983,0.7703763,0.43638313,1.7674811,2.6770926,1.7893002,1.9535015,3.406721,0.50077415,3.2396114
0.4882002,0.11281306,3.2865028,1.9413095,0.54508823,2.0858898,1.5319774,0.8373744,1.6175487,1.284607
1.0109972,0.019505404,4.891609,3.635579,3.125083,1.3730291,5.7897673,2.7335167,2.1450782,2.6340914
3.3983674,2.7385373,6.8523293,0.38512677,3.555663,5.136729,1.8643384,2.6767287,1.0126816,1.9470717
0.7968985,4.6944804,1.3473964,5.5330496,3.136563,0.08972471,1.4248779,1.4513756,0.59143007,1.6419532
0.07849831,4.138892,7.614279,2.7295125,3.982613,0.38836178,0.44959795,0.20534793,2.66618,2.7909107
5.13359,0.15838869,1.4268739,2.2651372,1.8705435,1.2015197,0.66348654,3.4336548,1.0268669,4.3880205
3.02878,1.013259,4.741585,3.1376889,4.820527,1.7731676,4.2422085,6.805342,1.5861716,7.2042947
0.058979303,0.19516356,1.0049021,0.18197022,1.4789817,0.9394618,3.9770472,3.6773536,8.024498,2.9036202
2.074448,5.008226,1.3121277,2.141828,5.925066,1.8161391,1.3393316,0.30600283,1.2528731,2.7986822
4.594158,3.8626134,4.054598,5.664992,2.6163232,0.63220614,2.4219356,1.5795329,1.9522538,0.3619631
2.994319,2.5453165,0.55455935,3.1998596,5.552335,1.3127496,4.6165266,5.8359385,2.8462021,1.4614553
1.5974433,1.3930838,0.012831906,3.2567163,2.3420017,5.856254,1.4523792,3.9145956,2.0219002,0.005236315
3.4321122,2.6803675,3.1970062,3.202485,4.459203,1.6088486,0.5499501,2.9504056,4.1029034,3.0823832
3.9796057,0.12037581,2.4705868,5.7692304,0.18995988,0.616107,0.54949355,2.9328926,2.3865633,4.6322346
0.15020189,1.3739715,7.4587255,3.7871342,3.0011592,5.003023,1.0391548,3.0661368,0.4498374,1.8152149
0.5367539,2.260037,1.5959437,2.110466,4.3314123,2.1561995,1.7884343,2.2892094,0.6865845,1.0922446
0.21953335,2.2200747,2.321564,2.4063408,3.9025776,0.6950074,2.5574474,4.1130695,0.75330573,2.3320153
3.6526775,4.6040015,0.71688074,4.5974283,3.4115286,4.621258,1.0658244,3.8441415,1.4116592,4.179122
2.6098032,5.0761847,3.2283,1.4106072,0.8370191,1.7409686,0.026144203,3.379825,2.0700283,5.631263
2.8065252,4.6718636,1.3458276,6.438305,0.15838306,1.5578928,1.546261,2.9690447,1.1976864,2.8561924
4.5409293,2.7893813,2.426703,0.95965517,6.259636,1.3841875,2.395554,1.9981992,0.2671196,0.71121556
0.3289572,0.2843313,0.3700501,5.369024,6.78938,0.09157802,2.60356,2.3874366,1.508024,0.86142343
4.868473,2.514561,7.082358,1.488156,2.595359,0.31376594,5.234009,5.806313,2.3010526,0.64691997
2.9083595,4.495326,0.03847198,0.44325775,3.9166427,0.9439063,0.19170842,3.0597663,3.5300317,2.379988
1.615173,1.2664436,0.060069896,1.1570703,0.6453604,5.953017,3.0997581,5.293269,0.48948407,1.4930148
3.394857,2.6451826,2.1243727,0.8837923,1.8937347,0.4773151,3.676313,0.21276985,1.7167139,0.250855
4.245573,3.1267433,2.6578183,1.1460202,6.9996567,1.2103621,3.0491762,3.7310524,1.5389367,1.0194882
5.0411663,1.4249326,2.3708642,0.5193058,7.2547817,1.2140993,2.0646782,1.6850317,1.847048,1.9063883
1.2278706,3.3832498,2.9506326,1.3941802,1.3361285,0.52313995,0.5205531,1.4516212,0.7737348,2.7792149
3.4311512,1.5693913,0.4106985,0.77265054,3.36492,4.465265,3.318723,0.8976382,1.9638977,1.1853666
0.592928,0.72829306,1.3183165,2.700929,1.6792955,2.2628686,1.7179323,1.610872,3.0752714,1.1999794
2.0066838,3.2321033,1.8046985,1.7087935,0.09451023,1.1227424,4.6204205,0.1673729,1.2769816,0.058259603
0.6290833,1.414697,0.20895253,4.9746747,1.1906986,1.1965858,2.3837209,8.741342,0.4767422,2.7520924
1.3940611,1.7089427,1.5138369,2.1333556,6.6960526,0.164153,3.1736274,2.0674198,0.7884863,4.0934896
5.061935,3.236869,0.6698849,1.749857,3.887525,2.9004097,3.2455711,1.2578764,0.45045295,4.0934505
3.7812748,3.7582874,1.957866,3.5132737,1.1852441,2.2564354,2.2144885,1.4729631,3.781896,3.645527
1.8186665,4.40924,3.27176,2.6098146,3.6432796,2.569247,0.48157632,4.5985045,6.913456,1.3703036
0.27327174,0.94149935,0.3668004,3.7692733,2.980748,4.857701,3.159092,2.2571316,1.4857197,1.2851253
3.0573382,5.1490326,3.5823503,1.4171344,3.4936888,3.8897305,1.4862686,0.5922476,4.223913,4.995226
3.0079064,4.5569696,2.9917262,1.7523361,1.2759761,1.9883842,1.3909146,3.5501819,0.85245585,1.4210281
0.320432,2.4771242,0.42308852,5.388232,2.8644307,0.9125095,1.9961019,2.8850822,0.054832228,1.1675665
0.22580206,4.087657,1.4575663,1.628767,4.280197,2.2583075,1.1920923,5.897115,1.6409876,4.9332495
1.178012,1.5422419,0.4034907,1.7727156,4.1483636,1.6178437,1.1328957,0.6089679,1.2177448,5.453
3.766506,3.2899504,2.891189,0.92902243,2.7699883,2.5086288,5.3973556,3.79845,2.098608,4.924638
2.5359676,1.2376554,0.64490134,0.009929709,1.8589864,0.55813503,0.9059696,0.8859371,2.2371457,3.6850812
2.2839453,0.7735983,2.4603252,1.0188385,2.2827435,2.409947,0.16260353,1.7708864,1.2739668,3.9549901
2.9735258,2.5495439,5.510341,7.951571,4.6189566,4.064542,0.06328712,3.14401,1.6210177,1.2436285
3.3943915,3.522369,0.8963726,2.2727404,4.6969633,0.19209833,5.775688,2.5205588,0.35264644,0.37283963
0.8286047,1.2684169,0.047648314,2.9860559,5.968039,2.0042107,2.995131,2.9699655,0.504032,1.0300081
1.8645505,1.0950228,0.5745955,2.3043842,4.589669,2.6495411,3.1386313,0.82466257,2.6462336,0.21598399
0.7764571,0.16931555,2.4231994,1.2391827,1.013268,0.6550871,3.6187227,0.035869017,0.84693485,1.788656
4.9766483,3.9837294,2.3704727,5.2600827,1.4577713,3.3637426,2.7521458,2.0798862,2.3915615,0.37256277
2.7922235,5.9466643,0.844679,1.589386,2.8469048,2.423199,4.2129326,0.76683986,2.1350667,2.5978596
2.02266,4.9508224,0.5916909,3.8218927,0.17075884,3.4606848,0.2703182,2.036165,0.994928,1.3595607
2.3642273,2.9149828,0.9302492,0.86416435,1.5292257,0.20153882,0.33745608,1.1371703,5.3515277,1.0728912
7.2716117,1.8038983,1.5477989,1.2544138,1.8062828,1.521266,3.2611694,0.20543528,4.1257877,7.6630054
3.5829973,1.4920766,1.4513574,1.2825092,1.9815599,3.1175475,2.8830976,1.8256922,1.6819571,6.095111
0.5656613,2.0010276,1.7604865,0.96582896,0.3754477,2.4664612,0.6747075,3.3647685,1.8781886,0.8644712
2.361145,1.6616917,1.7464533,3.1022122,1.6788683,7.091656,0.38592026,0.16222984,3.5749176,2.2545872
2.2410467,1.120976,0.64754814,1.3603696,0.11762106,1.4029936,1.0747194,1.6018127,1.7224481,0.6010102
3.46636,1.7390109,0.78663754,0.7578217,3.2469382,2.741306,0.5797906,3.2362854,2.0670638,3.8880548
0.37663192,2.0491805,0.767902,0.029881492,1.1820908,0.6820437,3.5850544,3.1759272,1.1736416,0.8655204
2.0319996,1.1941736,3.7386339,2.9696298,8.244136,0.43724215,1.8013766,3.656986,6.3458824,0.027449656
1.1024625,1.5431439,2.2078378,0.68166655,4.2615232,0.18316588,3.5327554,1.743371,5.9766026,4.921262
2.374671,6.3302746,0.8337823,3.6215405,0.9044128,0.30532882,1.8654487,6.8925533,2.954356,0.8665668
4.830311,3.6220717,1.0999562,5.578141,6.432657,3.218491,1.3277125,8.19406,0.44367766,0.66099346
3.33287,1.6757681,2.8869343,6.845999,2.3123608,2.8180091,0.17856625,2.5677054,5.0096116,0.79234046
4.011878,1.392597,0.32653254,1.9749756,0.2852623,3.1276903,3.8900523,5.1892424,3.4687872,2.686907
2.3269525,0.806548,0.2964827,0.81569576,3.9391594,0.05833547,1.0789001,4.662578,0.26114494,2.9719086
7.1035156,0.8447931,1.6944501,0.41302288,1.6305352,0.04036328,1.8154902,3.2322917,3.6693656,1.2849175
4.603401,0.52848685,0.8352465,7.5035286,0.7041763,1.2084752,2.5671234,4.326019,0.13103743,1.52687
2.2635756,3.146885,3.4162354,1.4942037,5.719005,2.3602448,1.1107833,7.0089874,1.3236489,2.4939702
0.48008734,0.12251761,2.150108,4.5003757,0.46289733,2.6351717,1.1144152,2.3338761,0.26027003,0.39636093
3.4331474,2.1345696,2.7630768,0.66675615,7.7784934,1.5775062,2.351348,0.4221099,5.564243,1.4936182
3.3500805,1.0875604,0.4998734,0.57190055,2.8253055,4.6015186,1.5065156,1.8233261,1.6327498,0.3583656
0.5166117,0.24130096,1.4660642,1.3108594,0.022462219,4.9139833,4.517234,5.519059,5.5971527,0.6287222
3.6346154,4.689066,1.2156963,1.4124796,5.968753,2.7134976,3.5496361,4.5704393,3.8018556,1.5482714
0.9292146,2.6783106,3.054781,1.5427818,1.3931843,0.2646745,1.242724,3.476987,2.4166334,2.1591077
1.1162751,3.8832593,0.60145056,1.4390991,1.647167,2.0077806,1.3320835,6.500392,1.3972144,2.3546925
3.0764937,0.77494586,1.8564973,1.0419178,5.0698466,0.6529379,0.83426666,2.2237146,3.2878385,1.715555
5.564413,0.9125706,0.07715366,2.3122213,2.0614252,5.906455,2.2390845,2.9270275,3.2379422,0.85392344
3.9862094,0.22448957,0.8126447,2.1847749,0.93835866,4.2874637,1.1192362,2.3528209,6.419608,0.33919835
0.55092907,0.36362106,2.1825802,5.678459,1.5128807,3.8509533,1.0692861,1.23301,2.691608,0.09171541
1.8831142,1.1831874,1.8867118,1.1947558,4.0168524,0.0622307,0.33501703,2.5185986,0.33524668,0.98193717
1.4526676,4.3015547,5.489704,2.5548797,1.9110372,4.5913677,0.19453593,0.72901607,1.728899,0.7507473
1.5597671,1.4404186,2.8708124,1.7054422,6.3113523,0.67877626,3.733862,4.870014,2.6417816,1.7740762
3.024826,0.40783924,4.484043,5.2446012,0.98402214,6.4712734,0.34280452,0.26844168,4.8047295,6.2023
5.1580305,3.065907,0.2007932,0.66368425,3.999828,3.475473,4.0363026,3.9353538,0.4254794,4.5506706
2.4018898,3.703734,0.25358924,3.5676827,2.758812,0.6933533,1.034009,0.4436214,5.1384907,3.1848102
4.0781693,5.7093163,1.7304618,1.9565445,4.291311,1.7131459,1.4154754,2.214146,5.1501894,0.87587726
0.90387636,2.6385317,3.3663003,1.7648258,0.04360521,3.11341,2.6223776,5.162301,0.94544375,2.374864
0.58908236,0.8881168,0.68395597,3.050007,0.67630374,0.88294613,0.667108,0.97447526,5.0657363,3.1770406
3.7214289,4.5770197,2.0841508,0.7547134,2.9901648,0.48746347,0.009379539,2.0224195,0.6765562,1.966047
0.5001573,6.8995924,0.8334036,0.57820696,1.6335053,0.87672204,3.4768589,2.4948673,3.261096,0.42168966
4.2708144,0.37019044,0.5907926,2.5070195,3.0737267,2.3753178,3.9874783,3.0885823,5.016955,1.8635087
3.4381943,0.78403616,0.08745016,0.24497157,5.1959066,0.73586094,0.13819094,1.3065022,1.8547778,4.2403016
4.9730835,1.1050817,2.2784872,0.5571196,2.1737483,0.972723,1.9482747,0.979591,1.3446583,4.57113
3.3798974,8.291782,1.447521,2.1881733,1.4678307,7.755809,3.4686728,0.7290132,5.839697,0.4149261
0.5466994,4.259983,5.6494575,0.09477678,4.207176,0.65441936,4.506637,3.3072538,1.3709431,0.3020649
3.4198086,4.6514745,1.5903764,0.16404164,0.15477675,1.5733806,3.4028912,1.8136902,0.55504817,1.099751
0.016094994,5.7765746,2.9922144,1.1986861,1.2182564,0.34389842,3.5306203,0.60356176,1.1339891,0.8988499
0.9020424,3.135563,4.2828693,1.1190664,6.089052,1.1160609,0.83956444,0.3984707,0.08802852,4.3971734
1.4317533,1.7041299,1.441814,2.3391933,2.621753,1.9205947,1.8987248,0.3251893,0.002118244,2.3545513
0.27535823,2.637794,1.8602747,1.1112568,3.6496732,4.310077,2.0509896,0.68570757,1.4983094,0.48412755
5.285616,3.1572852,1.6411848,0.003630897,2.6603425,1.928292,1.9562039,4.1370525,1.1696733,2.129391
0.061133318,3.6802073,1.4734166,1.3854005,9.893187,2.5695286,0.6584364,3.6443744,3.0333314,3.1718295
1.7750483,1.6842206,1.0262547,0.012756402,3.880299,1.211283,1.6171432,3.1981351,2.6023607,1.2920873
1.6689639,5.426483,0.90251243,2.8942657,1.1793331,2.4358034,0.45704174,4.046874,5.5078673,0.63616943
1.6053025,1.0503511,2.45977,3.4258175,3.0281014,4.506175,2.788502,0.75824845,9.005649,4.226651
3.9108446,3.0787377,6.8834457,0.9321598,0.13041335,2.6945257,0.08592398,5.0414753,2.0922966,1.3345053
4.7378087,3.8589516,1.7588754,0.9913782,1.190597,2.041145,3.177402,1.7469165,6.952988,1.7841253
0.017533096,0.586864,1.7740557,3.0020442,2.1714466,1.4322461,0.97545844,4.049215,0.21457346,3.2372422
2.938163,0.0803303,0.41842222,2.6008081,1.2004163,5.3632383,2.9691577,2.2816234,0.5238223,2.2561822
1.475334,1.0958503,4.5615463,4.0056734,4.176835,2.4405882,2.7455158,8.115289,1.1323116,3.1119537
0.5439218,1.6936741,1.3299698,1.5203387,1.9549463,1.9132522,4.895361,5.353033,0.4543706,6.986282
1.0204039,1.7312025,5.430384,0.18412074,6.2388086,1.5021415,2.74037,1.3408296,3.0084581,3.9847126
2.200605,3.9635525,1.5937111,0.95290077,3.301283,4.4918613,3.495325,2.516077,1.748472,1.8109585
1.3753309,5.633444,3.1337435,1.4878335,0.8069966,0.5654124,0.8020706,3.2529516,0.9619401,1.1263101
1.1859936,2.4349396,1.8782842,6.7313004,0.89020747,0.50578964,1.8986843,0.64133584,2.7549253,7.5000296
0.34590235,3.1259823,0.59894496,4.7628613,1.242861,1.0850275,2.5955782,2.298894,0.19768327,2.1448998
1.7695546,1.9186052,0.49853566,1.754355,1.6791673,7.5351286,0.013480372,0.28896233,3.8417077,0.25825843
2.0458872,1.5592957,0.39640737,3.928368,0.32178697,3.148684,0.43179852,6.150737,0.60573125,2.7935936
1.2056937,1.6332632,2.1718252,2.3067276,0.5964274,1.6872241,5.719864,0.6935598,1.1282399,0.109831795
1.2798718,0.8079207,5.0632763,3.4217024,0.41105396,1.7632717,0.99828655,4.487943,0.15579149,0.935731
6.225258,1.8424358,0.49451986,2.136809,4.3086443,3.5581036,5.2281213,7.0297966,3.410884,1.9006686
3.9029536,2.0089424,1.1898708,1.0808446,1.0639851,0.39722246,2.0608878,4.958342,0.8207238,2.7670646
1.3776615,3.6003227,0.5666505,0.6532879,1.6725621,0.14566949,6.1242104,3.7100644,2.7547302,0.9143734
0.08525229,0.73526174,2.7634354,2.0200171,1.3740435,1.8858659,1.5584815,0.002008944,0.08146547,4.427085
1.1553099,6.508276,7.953393,0.9996257,8.611891,0.6846005,0.33674347,0.7857778,0.3750679,0.76448226
1.0942113,3.1627192,2.5183203,2.2706842,3.5667262,4.1076117,6.783215,2.4749603,2.3325143,2.3489447
4.2005725,4.8637457,0.37702107,1.956822,3.384455,2.8274229,0.8550379,2.2153628,2.5332532,5.8095827
4.795882,3.314739,5.7571645,0.49178034,2.8093135,0.8509921,0.6679779,0.08817246,1.5901821,2.3240888
0.29281485,4.7851195,1.5265837,2.2746024,1.7673451,1.8345575,0.07243385,1.0530328,1.5679228,1.5346408
0.79597664,7.4852543,0.36525595,4.0345535,0.70271206,2.6621664,1.681293,3.6481657,2.155421,4.0652614
5.4663687,3.273277,4.205783,2.7675512,3.4988227,1.7070991,0.40837124,3.5845246,4.3313847,0.82060707
